[
 {
    "cmd": "save_iq_w_tx",
    "sync": true,
    "timeout": 30,

    "nsamps": 8192,

    "wotxrepeat": 0,
    
    "txrate": 250e3,
    "txfreq": 3395e6,
    "txgain": {"fixed": 27.0},
    "txsamps": {"file": "/local/repository/shout/QPSK_signal_IH3_2025_v2.iq"},
    "txwait": 3,
    "use_lo_offset": true,

    "rxrate": 250e3,
    "rxfreq": 3395e6,
    "rxgain": {"fixed": 30.0},
    "rxrepeat": 4,
    "rxwait": {"min": 50, "max": 2000, "res": "ms"},

    "txclients": ["cbrssdr1-bes-comp", "cbrssdr1-fm-comp"],
    "rxclients": ["cbrssdr1-bes-comp", "cbrssdr1-fm-comp"]
 }
]
